run_id,run_timestamp,source_url,source_date_expected,source_date_found,status,rows_loaded,file_hash,error_message
e02f1cd1451947f8a6a39a22cfd9b02f,2026-08-03T23:56:18Z,https://tiny.utk.edu/RToutfitters/daily/orders.csv,2026-07-07,2026-07-07,success,175,e14bd30bdbe507c680c1817fe435e4b944621a40655a813e8cd46ff52d1adefc,
30093e99926048a1991e407fa35b2b86,2026-08-03T23:56:18Z,https://tiny.utk.edu/RToutfitters/daily/orders.csv,2026-07-08,2026-07-08,success,141,75c57f57eac13b36014c54dad5dc174ab3ae00e23baf5c7a9bb4bd7bcb5e2f8d,
dfead6b6a6694cbdaea7f1c9cbf79559,2026-08-03T23:56:18Z,https://tiny.utk.edu/RToutfitters/daily/orders.csv,2026-07-09,2026-07-09,success,154,1f93c1fcee339e332297833209d81dc4242235a5a450a6681c1b1c99bb8b51c9,
159415db14d043cb834877df9955a7c0,2026-08-03T23:56:18Z,https://tiny.utk.edu/RToutfitters/daily/orders.csv,2026-07-10,2026-07-10,success,170,a4d796eeaffa50ba259aac998cc725ae02b5af8cc1681d1b439d75fd897b528a,
ef580e4d1b404ae1afaa26ee22bd9eee,2026-08-03T23:56:18Z,https://tiny.utk.edu/RToutfitters/daily/orders.csv,2026-07-11,2026-07-11,success,98,0d4ae8215f230ad320e64e83250b2e70ccd677c310c386e16622b213fea9ed65,
a9a3e4df444c4cd3b230d3936966a6db,2026-08-03T23:56:18Z,https://tiny.utk.edu/RToutfitters/daily/orders.csv,2026-07-12,2026-07-12,success,104,de84c9cecf40cdc6b9cac3bb5c42a3a0c3d4b53a09091e68baac07804b00985c,
cbe88384f15c47acb40ee8e2157bac08,2026-08-03T23:56:18Z,https://tiny.utk.edu/RToutfitters/daily/orders.csv,2026-07-13,2026-07-13,success,157,68b935016d083eff229ed9679050e8d9756a1d42dfa62127494cf137591d1d6d,
5e040fbe120e4b9086e88dbd1eace1a7,2026-08-03T23:56:18Z,https://tiny.utk.edu/RToutfitters/daily/orders.csv,2026-07-14,2026-07-14,success,128,11e168c6ff85898053590cb7bc58ebeabafef7a541866f99f26f4b626a3b99fb,
47243c6eb650428e9572b0eb523b1b6e,2026-08-03T23:56:18Z,https://tiny.utk.edu/RToutfitters/daily/orders.csv,2026-07-15,2026-07-15,success,134,5f4892d33499d4160cbe6e738fabff1780e92ef5a0b5be31464424dfb37395a0,
657d0647c80e4c4a898ed09ea3776276,2026-08-03T23:56:18Z,https://tiny.utk.edu/RToutfitters/daily/orders.csv,2026-07-16,2026-07-16,success,112,59291b293fabccf7ac3a83c51bc2aa779b23ffe0c635364e42d88db61262b774,
c582384e80204c7caeceb4eae65d2b99,2026-08-03T23:56:18Z,https://tiny.utk.edu/RToutfitters/daily/orders.csv,2026-07-17,2026-07-17,success,105,6ce98222b1c6e92da70190253d4656cda1c95b4f97cd334feb8d70e6b03d9839,
6c78c513071647e28d683fcead67db50,2026-08-03T23:56:18Z,https://tiny.utk.edu/RToutfitters/daily/orders.csv,2026-07-18,2026-07-18,success,106,82961e77d83067cf8edd5a456ce6d7774547d37c9c9184e71c3417eec045a70f,
5e09d6dd0f364ee2a575926c04c59446,2026-08-03T23:56:18Z,https://tiny.utk.edu/RToutfitters/daily/orders.csv,2026-07-19,2026-07-19,success,167,2b4736cc42bed4cddadb9c21bb6dae1fc8eb31c2ec20118a8af52fb2845f2245,
41dc3ddc5e184a5ab86148c028349bb6,2026-08-03T23:56:18Z,https://tiny.utk.edu/RToutfitters/daily/orders.csv,2026-07-20,2026-07-20,success,144,da97a8412602c33b6291473576f06b3463548b3e60d9eef8f2a7b2149cfcfc48,
777ef0b9f00f4cf884b9ab0f4299bd19,2026-08-03T23:56:18Z,https://tiny.utk.edu/RToutfitters/daily/orders.csv,2026-07-21,2026-07-21,success,91,215c56d5514b24443613ae8b30db1aa27aac06214f1c12a03a85f0ff47da7078,
48eabb5c00f241208ddd2433aaa7b4d3,2026-08-03T23:56:18Z,https://tiny.utk.edu/RToutfitters/daily/orders.csv,2026-07-22,2026-07-22,success,162,3eaa72095265f83ea045ec88c1ecdf54dbb7c16cf1253adecabc5ed50e27b9c5,
8002f847e5014e7a8f9f96bb07a655fd,2026-08-03T23:56:18Z,https://tiny.utk.edu/RToutfitters/daily/orders.csv,2026-07-23,2026-07-23,success,140,ebea094065d1da0fe7ca3652ff29d658a04e0c2bdeec84901805a8df2f7af759,
7e5369c2164344efab0dcbe1c956a5d9,2026-08-03T23:56:18Z,https://tiny.utk.edu/RToutfitters/daily/orders.csv,2026-07-24,2026-07-23,stale,140,ebea094065d1da0fe7ca3652ff29d658a04e0c2bdeec84901805a8df2f7af759,
9f6bc80180e145d6bb203173d6e47f9d,2026-08-03T23:56:18Z,https://tiny.utk.edu/RToutfitters/daily/orders.csv,2026-07-25,2026-07-25,success,142,c74df47e3f7a0a5f4e96991aca32fd7fd02a056d2985e0a2824ecf9d45cf3ba6,
507a29a8d53842148f052237820db580,2026-08-03T23:56:18Z,https://tiny.utk.edu/RToutfitters/daily/orders.csv,2026-07-26,2026-07-26,success,101,211afe606ef31230baa25cf9371bc12b9e2dfc9eb897056cb241e0d1bc0972fa,
98871555a15442539812c1ea2069edf7,2026-08-03T23:56:18Z,https://tiny.utk.edu/RToutfitters/daily/orders.csv,2026-07-27,2026-07-27,success,98,4ee1b71ad9dc5236c696ab1f9ac0fd3039be92625d458714d54614011af4ba23,
f24cace0823649c98d9b9515e3a4e094,2026-08-03T23:56:18Z,https://tiny.utk.edu/RToutfitters/daily/orders.csv,2026-07-28,2026-07-28,success,101,5711f4676998b10e354e7cb8f95def487e14c47fc7029ccd2ce1da13243f4f37,
677a1a07bfaa4c9db0048754b7571062,2026-08-03T23:56:18Z,https://tiny.utk.edu/RToutfitters/daily/orders.csv,2026-07-29,2026-07-29,success,133,de0e6169339f91a1d8de7e7f0a2b67788b145ea641a89fce58070402b14af97f,
e2188f1b31e045b69b81617ad70dc3e4,2026-08-03T23:56:18Z,https://tiny.utk.edu/RToutfitters/daily/orders.csv,2026-07-30,2026-07-30,success,137,38091ca11f286ae2791f35340cbd7b6ddda935e65337bb9cd2d33358ec8e70f2,
7630fdf365bc420fa7703e02a12f4b7a,2026-08-03T23:56:18Z,https://tiny.utk.edu/RToutfitters/daily/orders.csv,2026-07-31,2026-07-31,success,118,5ad868c2f4919da53c91b4f59123231f0cfa2103091f801a465013d0f8d9d0bd,
8a7412acbeac4d3c9deb9eddbc5de38c,2026-08-03T23:56:18Z,https://tiny.utk.edu/RToutfitters/daily/orders.csv,2026-08-01,2026-08-01,success,112,7147185bc0573e855655877487a2bc4cd7ee6d1968c5923291cc5537ad71c4b2,
95bc71e545d24af895ed86dcd7a04974,2026-08-03T23:56:18Z,https://tiny.utk.edu/RToutfitters/daily/orders.csv,2026-08-02,2026-08-02,success,117,9f0e833df3e6cda30e4d7ed4ab2829500cbbfa38eca20ea505bd8276d7dd2801,
3b55269fc9d14f9196f2e624087c4bb6,2026-08-03T23:56:18Z,https://tiny.utk.edu/RToutfitters/daily/orders.csv,2026-08-03,,empty,0,102cb3652d55483e289a29d70001defb7515d1594418da917de5801cbdcd889e,
40d6685b54784002b644b4aa036c5197,2026-08-04T15:26:39Z,https://raw.githubusercontent.com/AdamSpannbauer/su26-bzan545-current-orders/refs/heads/master/orders.csv,2026-08-04,2026-08-04,success,98,35e6a2ecb71ed9a8ae2eed6e8f810bce525d5612f40ae38d1487acf8881ba43a,
2996c90bb5a146efadea8b0244b767ad,2026-08-05T15:17:43Z,https://raw.githubusercontent.com/AdamSpannbauer/su26-bzan545-current-orders/refs/heads/master/orders.csv,2026-08-05,2026-08-05,success,155,a9f5936b5ae688d0d485e8d3aa555f2aeaed4566b90ac324ddc6d4e073df534f,
9fc82e0a5581405181d4ddfc9017dc7b,2026-08-06T15:17:43Z,https://raw.githubusercontent.com/AdamSpannbauer/su26-bzan545-current-orders/refs/heads/master/orders.csv,2026-08-06,,failed,0,,404 Client Error: Not Found for url: https://raw.githubusercontent.com/AdamSpannbauer/su26-bzan545-current-orders/refs/heads/master/orders.csv
826a46376b7d4361b3dbc7e827a43896,2026-08-07T14:15:04Z,https://raw.githubusercontent.com/AdamSpannbauer/su26-bzan545-current-orders/refs/heads/master/orders.csv,2026-08-07,2026-08-07,success,125,7648bc89c3e22959aea0f99b97a3a7d225acc9d83fcf12eaf789dc321e5f2eea,
891a3ae906664b7ab7e5113fefac9ad5,2026-08-08T13:49:33Z,https://raw.githubusercontent.com/AdamSpannbauer/su26-bzan545-current-orders/refs/heads/master/orders.csv,2026-08-08,2026-08-08,success,162,fb8813487bc4948b2736ca58775f3bb45548c978b290ec068bc8a7cbe98f7b28,
5eb39af458b64adaab59552a8cfc0f03,2026-08-09T13:52:31Z,https://raw.githubusercontent.com/AdamSpannbauer/su26-bzan545-current-orders/refs/heads/master/orders.csv,2026-08-09,2026-08-09,success,168,ae28fb3741007edae3a9cf0d988d833f51bb400e98a34c12c58c25660565b063,
3cc91c6e6aac4ddfbc78e4cc40c9610d,2026-08-10T14:21:47Z,https://raw.githubusercontent.com/AdamSpannbauer/su26-bzan545-current-orders/refs/heads/master/orders.csv,2026-08-10,2026-08-10,success,106,7fcb9b45c470b71ccbb6fc8fa3c7399b0fd68ec0736231f67e5b1bdc5cf7a106,
e8df4a8e7e9b4a2da05c71852085c40e,2026-08-11T14:21:38Z,https://raw.githubusercontent.com/AdamSpannbauer/su26-bzan545-current-orders/refs/heads/master/orders.csv,2026-08-11,2026-08-11,success,161,8926704020c92312b40b9fb7c3b5aa301a2affe9a4dda7cfce932e70b8dfcaab,
5d8af604002f4c05aa901e77015c14c0,2026-08-12T14:22:02Z,https://raw.githubusercontent.com/AdamSpannbauer/su26-bzan545-current-orders/refs/heads/master/orders.csv,2026-08-12,2026-08-12,success,171,942bd89e08fe16f8a420f83e70ccbe6bb6659511f4dc823ac11e26a6301f4eb7,
d3e2588cbd4b4c0fac31e8423b9230e1,2026-08-13T14:23:58Z,https://raw.githubusercontent.com/AdamSpannbauer/su26-bzan545-current-orders/refs/heads/master/orders.csv,2026-08-13,2026-08-13,success,142,7fb44fdf3cade58bb50976ee280146e5e8362219fc48f010e5558adcfe0a8a34,
dbe2cb3346bd4b43b26e669d1534c0bd,2026-08-14T14:17:09Z,https://raw.githubusercontent.com/AdamSpannbauer/su26-bzan545-current-orders/refs/heads/master/orders.csv,2026-08-14,2026-08-14,success,137,5614c4f49607674584f1fd0a85da2260bbde259b39e2e3c51015bb57a583d623,
af0de2c4ce604a1fbb587e1b2a42229c,2026-08-15T13:33:13Z,https://raw.githubusercontent.com/AdamSpannbauer/su26-bzan545-current-orders/refs/heads/master/orders.csv,2026-08-15,2026-08-15,success,98,35f82261fa236690f10d85d906cf5480fae40a6802d36c415c147ceb4df828b9,
aac38a165a214f2ab5c6fce89779f46e,2026-08-16T13:34:51Z,https://raw.githubusercontent.com/AdamSpannbauer/su26-bzan545-current-orders/refs/heads/master/orders.csv,2026-08-16,2026-08-16,success,97,e9feb14c58182547a95ce26b0bc796917a270c27f930d074bb716c295d501bf5,
0cd06b53ed944f05ac0423024e94cdf4,2026-08-17T13:42:03Z,https://raw.githubusercontent.com/AdamSpannbauer/su26-bzan545-current-orders/refs/heads/master/orders.csv,2026-08-17,2026-08-17,success,117,3cbc5534437255c04623e678a28ae53c7156f51b528429c329440b7abdde5bf6,
35e5ffb84baf45fda29fd3bb2f2f9c9f,2026-08-18T13:45:51Z,https://raw.githubusercontent.com/AdamSpannbauer/su26-bzan545-current-orders/refs/heads/master/orders.csv,2026-08-18,2026-08-18,success,90,c6ff40c33df21770d11bb3a961bbdde9393a29af2c87bdaaa815b2723efc669b,
3d383e0ad4cb483f8cd7c2d8596fc341,2026-08-19T13:49:05Z,https://raw.githubusercontent.com/AdamSpannbauer/su26-bzan545-current-orders/refs/heads/master/orders.csv,2026-08-19,2026-08-19,success,162,a7fbef20ea928a86af302d8b54f1dd97d241c664e08bd9fe16386ee9277af9f7,
4ae7fee638634410984b686ea5d0d1ef,2026-08-20T13:50:48Z,https://raw.githubusercontent.com/AdamSpannbauer/su26-bzan545-current-orders/refs/heads/master/orders.csv,2026-08-20,2026-08-20,success,107,7bf47e1ad653f7185097bb8f23d0a7135d457a986c0d1f61ec052b3f18c38f39,
2f24762af7f84ea78b41a73c68832a52,2026-08-21T13:49:37Z,https://raw.githubusercontent.com/AdamSpannbauer/su26-bzan545-current-orders/refs/heads/master/orders.csv,2026-08-21,2026-08-21,success,102,d0b59973faa18be4eb68ae2313dc1fb35ad6ebd19687374f2e2ea9ea35c6fff0,
f1e22e73ac3d4a9ab8de237a18a9b4cd,2026-08-22T13:34:45Z,https://raw.githubusercontent.com/AdamSpannbauer/su26-bzan545-current-orders/refs/heads/master/orders.csv,2026-08-22,2026-08-22,success,134,1b0a45416eb54905419b19b5b45c36e91e6aca795309c4aea2d07805e50d7660,
55e3cb452820472e8d9e8940954f70ac,2026-08-23T13:35:25Z,https://raw.githubusercontent.com/AdamSpannbauer/su26-bzan545-current-orders/refs/heads/master/orders.csv,2026-08-23,2026-08-23,success,158,68999465d8893563e3d226bef997681b77c97a43152d5cc2fdf42004264cd322,
2292d94c77b34239b5804a604c5ff874,2026-08-24T13:55:55Z,https://raw.githubusercontent.com/AdamSpannbauer/su26-bzan545-current-orders/refs/heads/master/orders.csv,2026-08-24,2026-08-24,success,137,48392ff1794d8821d6c1c3b42317bc104e1db1315cbda3699d6137df0285332e,
923c81fd07204fc2b091c91afef1a632,2026-08-25T13:53:45Z,https://raw.githubusercontent.com/AdamSpannbauer/su26-bzan545-current-orders/refs/heads/master/orders.csv,2026-08-25,2026-08-24,stale,137,48392ff1794d8821d6c1c3b42317bc104e1db1315cbda3699d6137df0285332e,
ca6846fb978c418bbedd0993cae57176,2026-08-26T13:57:40Z,https://raw.githubusercontent.com/AdamSpannbauer/su26-bzan545-current-orders/refs/heads/master/orders.csv,2026-08-26,2026-08-24,stale,137,48392ff1794d8821d6c1c3b42317bc104e1db1315cbda3699d6137df0285332e,
d510a145d08848769aaeb6087efae796,2026-08-27T22:52:59Z,https://raw.githubusercontent.com/AdamSpannbauer/su26-bzan545-current-orders/refs/heads/master/orders.csv,2026-08-27,2026-08-24,stale,137,48392ff1794d8821d6c1c3b42317bc104e1db1315cbda3699d6137df0285332e,
e8fcdcc1a6a948c1adada81a807050bf,2026-08-28T22:57:29Z,https://raw.githubusercontent.com/AdamSpannbauer/su26-bzan545-current-orders/refs/heads/master/orders.csv,2026-08-28,2026-08-24,stale,137,48392ff1794d8821d6c1c3b42317bc104e1db1315cbda3699d6137df0285332e,
eabd73d96cc74c778b3d402e28477067,2026-08-29T17:02:06Z,https://raw.githubusercontent.com/AdamSpannbauer/su26-bzan545-current-orders/refs/heads/master/orders.csv,2026-08-29,2026-08-24,stale,137,48392ff1794d8821d6c1c3b42317bc104e1db1315cbda3699d6137df0285332e,
ffe85c686b2b48feabae8ce5981ef6c1,2026-08-30T17:15:31Z,https://raw.githubusercontent.com/AdamSpannbauer/su26-bzan545-current-orders/refs/heads/master/orders.csv,2026-08-30,2026-08-24,stale,137,48392ff1794d8821d6c1c3b42317bc104e1db1315cbda3699d6137df0285332e,
6d79f982db54421584faedc13ecd0a14,2026-08-31T19:26:53Z,https://raw.githubusercontent.com/AdamSpannbauer/su26-bzan545-current-orders/refs/heads/master/orders.csv,2026-08-31,2026-08-24,stale,137,48392ff1794d8821d6c1c3b42317bc104e1db1315cbda3699d6137df0285332e,
712c1a590f3c4d67ba42a8ac5801980d,2026-09-01T17:14:43Z,https://raw.githubusercontent.com/AdamSpannbauer/su26-bzan545-current-orders/refs/heads/master/orders.csv,2026-09-01,2026-08-24,stale,137,48392ff1794d8821d6c1c3b42317bc104e1db1315cbda3699d6137df0285332e,
0bacecedb0604f9089f7f26fd2d52e22,2026-09-02T17:04:13Z,https://raw.githubusercontent.com/AdamSpannbauer/su26-bzan545-current-orders/refs/heads/master/orders.csv,2026-09-02,2026-08-24,stale,137,48392ff1794d8821d6c1c3b42317bc104e1db1315cbda3699d6137df0285332e,
98e5ec18a5184485853d9e07708df644,2026-09-03T16:58:41Z,https://raw.githubusercontent.com/AdamSpannbauer/su26-bzan545-current-orders/refs/heads/master/orders.csv,2026-09-03,2026-08-24,stale,137,48392ff1794d8821d6c1c3b42317bc104e1db1315cbda3699d6137df0285332e,
